{
  "1": {
    "p50_ms": 2.1242829998300294,
    "avg_ms": 2.1998377999807417,
    "p95_ms": 2.7187240002604085
  },
  "2": {
    "p50_ms": 74.89921900014451,
    "avg_ms": 73.38639310019062,
    "p95_ms": 76.5368109996416
  },
  "3": {
    "p50_ms": 46.037784999953146,
    "avg_ms": 47.12357370008249,
    "p95_ms": 54.14182799995615
  },
  "4": {
    "p50_ms": 2.096349999646918,
    "avg_ms": 2.2807977000411483,
    "p95_ms": 2.7436199998192023
  },
  "5": {
    "p50_ms": 2.155308500277897,
    "avg_ms": 2.2895745998539496,
    "p95_ms": 2.775670999653812
  },
  "6": {
    "p50_ms": 251.53278050038352,
    "avg_ms": 260.85590240018064,
    "p95_ms": 277.85198200035666
  }
}
